Method,Train_Task,Round,Eval_Task,Accuracy
gdr+tts_tabular_t3_a0.1,0,1,0,30.05068790731354
gdr+tts_tabular_t3_a0.1,0,2,0,44.822592324402606
gdr+tts_tabular_t3_a0.1,0,3,0,54.38088341781318
gdr+tts_tabular_t3_a0.1,0,4,0,57.639391745112235
gdr+tts_tabular_t3_a0.1,0,5,0,60.46343229543809
gdr+tts_tabular_t3_a0.1,0,6,0,62.70818247646633
gdr+tts_tabular_t3_a0.1,0,7,0,64.22881969587256
gdr+tts_tabular_t3_a0.1,0,8,0,65.53222302679218
gdr+tts_tabular_t3_a0.1,0,9,0,67.48732802317161
gdr+tts_tabular_t3_a0.1,0,10,0,69.08037653874004
gdr+tts_tabular_t3_a0.1,0,11,0,70.09413468501086
gdr+tts_tabular_t3_a0.1,0,12,0,71.18030412744388
gdr+tts_tabular_t3_a0.1,0,13,0,71.97682838522809
gdr+tts_tabular_t3_a0.1,0,14,0,72.41129616220131
gdr+tts_tabular_t3_a0.1,0,15,0,73.42505430847213
gdr+tts_tabular_t3_a0.1,0,16,0,74.43881245474294
gdr+tts_tabular_t3_a0.1,0,17,0,75.16292541636496
gdr+tts_tabular_t3_a0.1,0,18,0,75.38015930485156
gdr+tts_tabular_t3_a0.1,0,19,0,75.81462708182477
gdr+tts_tabular_t3_a0.1,0,20,0,76.53874004344678
gdr+tts_tabular_t3_a0.1,0,21,0,77.4076755973932
gdr+tts_tabular_t3_a0.1,0,22,0,77.9145546705286
gdr+tts_tabular_t3_a0.1,0,23,0,77.9869659666908
gdr+tts_tabular_t3_a0.1,0,24,0,78.34902244750181
gdr+tts_tabular_t3_a0.1,0,25,0,78.27661115133961
gdr+tts_tabular_t3_a0.1,0,26,0,78.34902244750181
gdr+tts_tabular_t3_a0.1,0,27,0,78.63866763215061
gdr+tts_tabular_t3_a0.1,0,28,0,79.29036929761043
gdr+tts_tabular_t3_a0.1,0,29,0,79.07313540912382
gdr+tts_tabular_t3_a0.1,0,30,0,79.36278059377263
gdr+tts_tabular_t3_a0.1,0,31,0,79.65242577842143
gdr+tts_tabular_t3_a0.1,0,32,0,79.50760318609703
gdr+tts_tabular_t3_a0.1,0,33,0,79.72483707458363
gdr+tts_tabular_t3_a0.1,0,34,0,79.86965966690803
gdr+tts_tabular_t3_a0.1,0,35,0,80.08689355539464
gdr+tts_tabular_t3_a0.1,0,36,0,80.23171614771904
gdr+tts_tabular_t3_a0.1,0,37,0,80.30412744388124
gdr+tts_tabular_t3_a0.1,0,38,0,80.30412744388124
gdr+tts_tabular_t3_a0.1,0,39,0,80.44895003620564
gdr+tts_tabular_t3_a0.1,0,40,0,80.44895003620564
gdr+tts_tabular_t3_a0.1,0,41,0,80.88341781317885
gdr+tts_tabular_t3_a0.1,0,42,0,80.66618392469225
gdr+tts_tabular_t3_a0.1,0,43,0,81.53511947863866
gdr+tts_tabular_t3_a0.1,0,44,0,81.02824040550325
gdr+tts_tabular_t3_a0.1,0,45,0,81.53511947863866
gdr+tts_tabular_t3_a0.1,0,46,0,81.53511947863866
gdr+tts_tabular_t3_a0.1,0,47,0,81.46270818247646
gdr+tts_tabular_t3_a0.1,0,48,0,81.82476466328747
gdr+tts_tabular_t3_a0.1,0,49,0,82.11440984793627
gdr+tts_tabular_t3_a0.1,0,50,0,81.82476466328747
gdr+tts_tabular_t3_a0.1,0,51,0,81.67994207096307
gdr+tts_tabular_t3_a0.1,0,52,0,82.04199855177407
gdr+tts_tabular_t3_a0.1,0,53,0,82.04199855177407
gdr+tts_tabular_t3_a0.1,0,54,0,81.96958725561187
gdr+tts_tabular_t3_a0.1,0,55,0,82.33164373642288
gdr+tts_tabular_t3_a0.1,0,56,0,82.25923244026067
gdr+tts_tabular_t3_a0.1,0,57,0,82.40405503258508
gdr+tts_tabular_t3_a0.1,0,58,0,82.40405503258508
gdr+tts_tabular_t3_a0.1,0,59,0,82.62128892107168
gdr+tts_tabular_t3_a0.1,0,60,0,82.76611151339608
gdr+tts_tabular_t3_a0.1,0,61,0,82.76611151339608
gdr+tts_tabular_t3_a0.1,0,62,0,82.76611151339608
gdr+tts_tabular_t3_a0.1,0,63,0,82.62128892107168
gdr+tts_tabular_t3_a0.1,0,64,0,82.76611151339608
gdr+tts_tabular_t3_a0.1,0,65,0,82.98334540188269
gdr+tts_tabular_t3_a0.1,0,66,0,83.12816799420709
gdr+tts_tabular_t3_a0.1,0,67,0,82.69370021723388
gdr+tts_tabular_t3_a0.1,0,68,0,82.76611151339608
gdr+tts_tabular_t3_a0.1,0,69,0,82.98334540188269
gdr+tts_tabular_t3_a0.1,0,70,0,82.98334540188269
gdr+tts_tabular_t3_a0.1,0,71,0,82.76611151339608
gdr+tts_tabular_t3_a0.1,0,72,0,82.83852280955828
gdr+tts_tabular_t3_a0.1,0,73,0,82.98334540188269
gdr+tts_tabular_t3_a0.1,0,74,0,82.98334540188269
gdr+tts_tabular_t3_a0.1,0,75,0,82.69370021723388
gdr+tts_tabular_t3_a0.1,0,76,0,82.47646632874728
gdr+tts_tabular_t3_a0.1,0,77,0,82.91093410572049
gdr+tts_tabular_t3_a0.1,0,78,0,82.98334540188269
gdr+tts_tabular_t3_a0.1,0,79,0,82.76611151339608
gdr+tts_tabular_t3_a0.1,0,80,0,82.54887762490948
gdr+tts_tabular_t3_a0.1,0,81,0,82.54887762490948
gdr+tts_tabular_t3_a0.1,0,82,0,82.69370021723388
gdr+tts_tabular_t3_a0.1,0,83,0,82.62128892107168
gdr+tts_tabular_t3_a0.1,0,84,0,82.91093410572049
gdr+tts_tabular_t3_a0.1,0,85,0,82.91093410572049
gdr+tts_tabular_t3_a0.1,0,86,0,82.98334540188269
gdr+tts_tabular_t3_a0.1,0,87,0,82.83852280955828
gdr+tts_tabular_t3_a0.1,0,88,0,82.91093410572049
gdr+tts_tabular_t3_a0.1,0,89,0,83.05575669804489
gdr+tts_tabular_t3_a0.1,0,90,0,82.91093410572049
gdr+tts_tabular_t3_a0.1,0,91,0,82.98334540188269
gdr+tts_tabular_t3_a0.1,0,92,0,82.69370021723388
gdr+tts_tabular_t3_a0.1,0,93,0,82.83852280955828
gdr+tts_tabular_t3_a0.1,0,94,0,82.91093410572049
gdr+tts_tabular_t3_a0.1,0,95,0,82.83852280955828
gdr+tts_tabular_t3_a0.1,0,96,0,82.83852280955828
gdr+tts_tabular_t3_a0.1,0,97,0,82.83852280955828
gdr+tts_tabular_t3_a0.1,0,98,0,82.98334540188269
gdr+tts_tabular_t3_a0.1,0,99,0,82.62128892107168
gdr+tts_tabular_t3_a0.1,0,100,0,82.91093410572049
gdr+tts_tabular_t3_a0.1,1,1,0,79.65242577842143
gdr+tts_tabular_t3_a0.1,1,1,1,0.0
gdr+tts_tabular_t3_a0.1,1,2,0,80.73859522085445
gdr+tts_tabular_t3_a0.1,1,2,1,19.595083152566882
gdr+tts_tabular_t3_a0.1,1,3,0,70.89065894279507
gdr+tts_tabular_t3_a0.1,1,3,1,39.551699204627624
gdr+tts_tabular_t3_a0.1,1,4,0,62.27371469949312
gdr+tts_tabular_t3_a0.1,1,4,1,48.5177151120752
gdr+tts_tabular_t3_a0.1,1,5,0,57.566980448950034
gdr+tts_tabular_t3_a0.1,1,5,1,53.07302964569776
gdr+tts_tabular_t3_a0.1,1,6,0,51.484431571325125
gdr+tts_tabular_t3_a0.1,1,6,1,54.66377440347072
gdr+tts_tabular_t3_a0.1,1,7,0,49.094858797972485
gdr+tts_tabular_t3_a0.1,1,7,1,57.70065075921909
gdr+tts_tabular_t3_a0.1,1,8,0,43.08472121650978
gdr+tts_tabular_t3_a0.1,1,8,1,60.01446131597975
gdr+tts_tabular_t3_a0.1,1,9,0,44.098479362780594
gdr+tts_tabular_t3_a0.1,1,9,1,62.47288503253796
gdr+tts_tabular_t3_a0.1,1,10,0,38.8124547429399
gdr+tts_tabular_t3_a0.1,1,10,1,63.41287057122198
gdr+tts_tabular_t3_a0.1,1,11,0,37.87110789283128
gdr+tts_tabular_t3_a0.1,1,11,1,65.0759219088937
gdr+tts_tabular_t3_a0.1,1,12,0,33.88848660391021
gdr+tts_tabular_t3_a0.1,1,12,1,66.66666666666667
gdr+tts_tabular_t3_a0.1,1,13,0,33.3091962346126
gdr+tts_tabular_t3_a0.1,1,13,1,68.32971800433839
gdr+tts_tabular_t3_a0.1,1,14,0,30.62997827661115
gdr+tts_tabular_t3_a0.1,1,14,1,70.5712219812003
gdr+tts_tabular_t3_a0.1,1,15,0,27.22664735698769
gdr+tts_tabular_t3_a0.1,1,15,1,72.0173535791757
gdr+tts_tabular_t3_a0.1,1,16,0,31.71614771904417
gdr+tts_tabular_t3_a0.1,1,16,1,72.66811279826464
gdr+tts_tabular_t3_a0.1,1,17,0,28.819695872556117
gdr+tts_tabular_t3_a0.1,1,17,1,73.10195227765726
gdr+tts_tabular_t3_a0.1,1,18,0,25.343953656770456
gdr+tts_tabular_t3_a0.1,1,18,1,74.765003615329
gdr+tts_tabular_t3_a0.1,1,19,0,24.040550325850834
gdr+tts_tabular_t3_a0.1,1,19,1,76.13882863340564
gdr+tts_tabular_t3_a0.1,1,20,0,22.013034033309197
gdr+tts_tabular_t3_a0.1,1,20,1,76.57266811279827
gdr+tts_tabular_t3_a0.1,1,21,0,19.116582186821145
gdr+tts_tabular_t3_a0.1,1,21,1,76.93420101229212
gdr+tts_tabular_t3_a0.1,1,22,0,17.81317885590152
gdr+tts_tabular_t3_a0.1,1,22,1,78.16341287057122
gdr+tts_tabular_t3_a0.1,1,23,0,18.030412744388123
gdr+tts_tabular_t3_a0.1,1,23,1,78.30802603036877
gdr+tts_tabular_t3_a0.1,1,24,0,16.799420709630702
gdr+tts_tabular_t3_a0.1,1,24,1,79.24801156905278
gdr+tts_tabular_t3_a0.1,1,25,0,17.95800144822592
gdr+tts_tabular_t3_a0.1,1,25,1,79.60954446854664
gdr+tts_tabular_t3_a0.1,1,26,0,18.102824040550328
gdr+tts_tabular_t3_a0.1,1,26,1,80.4772234273319
gdr+tts_tabular_t3_a0.1,1,27,0,16.509775524981897
gdr+tts_tabular_t3_a0.1,1,27,1,80.4772234273319
gdr+tts_tabular_t3_a0.1,1,28,0,15.496017378711079
gdr+tts_tabular_t3_a0.1,1,28,1,80.98336948662329
gdr+tts_tabular_t3_a0.1,1,29,0,16.944243301955105
gdr+tts_tabular_t3_a0.1,1,29,1,81.56182212581345
gdr+tts_tabular_t3_a0.1,1,30,0,14.627081824764664
gdr+tts_tabular_t3_a0.1,1,30,1,81.34490238611714
gdr+tts_tabular_t3_a0.1,1,31,0,15.713251267197682
gdr+tts_tabular_t3_a0.1,1,31,1,81.706435285611
gdr+tts_tabular_t3_a0.1,1,32,0,14.844315713251268
gdr+tts_tabular_t3_a0.1,1,32,1,82.4295010845987
gdr+tts_tabular_t3_a0.1,1,33,0,12.81679942070963
gdr+tts_tabular_t3_a0.1,1,33,1,82.57411424439624
gdr+tts_tabular_t3_a0.1,1,34,0,15.423606082548877
gdr+tts_tabular_t3_a0.1,1,34,1,82.57411424439624
gdr+tts_tabular_t3_a0.1,1,35,0,11.875452570601015
gdr+tts_tabular_t3_a0.1,1,35,1,83.29718004338395
gdr+tts_tabular_t3_a0.1,1,36,0,13.178855901520636
gdr+tts_tabular_t3_a0.1,1,36,1,83.22487346348518
gdr+tts_tabular_t3_a0.1,1,37,0,14.120202751629254
gdr+tts_tabular_t3_a0.1,1,37,1,83.51409978308025
gdr+tts_tabular_t3_a0.1,1,38,0,12.889210716871832
gdr+tts_tabular_t3_a0.1,1,38,1,83.44179320318149
gdr+tts_tabular_t3_a0.1,1,39,0,13.25126719768284
gdr+tts_tabular_t3_a0.1,1,39,1,84.1648590021692
gdr+tts_tabular_t3_a0.1,1,40,0,13.106444605358435
gdr+tts_tabular_t3_a0.1,1,40,1,83.94793926247289
gdr+tts_tabular_t3_a0.1,1,41,0,12.382331643736423
gdr+tts_tabular_t3_a0.1,1,41,1,84.30947216196674
gdr+tts_tabular_t3_a0.1,1,42,0,12.020275162925417
gdr+tts_tabular_t3_a0.1,1,42,1,84.3817787418655
gdr+tts_tabular_t3_a0.1,1,43,0,12.16509775524982
gdr+tts_tabular_t3_a0.1,1,43,1,84.1648590021692
gdr+tts_tabular_t3_a0.1,1,44,0,9.775524981897176
gdr+tts_tabular_t3_a0.1,1,44,1,84.59869848156183
gdr+tts_tabular_t3_a0.1,1,45,0,9.847936278059377
gdr+tts_tabular_t3_a0.1,1,45,1,84.81561822125813
gdr+tts_tabular_t3_a0.1,1,46,0,10.282404055032584
gdr+tts_tabular_t3_a0.1,1,46,1,84.96023138105568
gdr+tts_tabular_t3_a0.1,1,47,0,11.296162201303403
gdr+tts_tabular_t3_a0.1,1,47,1,85.10484454085322
gdr+tts_tabular_t3_a0.1,1,48,0,10.282404055032584
gdr+tts_tabular_t3_a0.1,1,48,1,85.17715112075199
gdr+tts_tabular_t3_a0.1,1,49,0,9.847936278059377
gdr+tts_tabular_t3_a0.1,1,49,1,85.17715112075199
gdr+tts_tabular_t3_a0.1,1,50,0,9.051412020275164
gdr+tts_tabular_t3_a0.1,1,50,1,85.03253796095444
gdr+tts_tabular_t3_a0.1,1,51,0,8.110065170166546
gdr+tts_tabular_t3_a0.1,1,51,1,85.10484454085322
gdr+tts_tabular_t3_a0.1,1,52,0,10.789283128167995
gdr+tts_tabular_t3_a0.1,1,52,1,85.03253796095444
gdr+tts_tabular_t3_a0.1,1,53,0,10.572049239681391
gdr+tts_tabular_t3_a0.1,1,53,1,85.24945770065077
gdr+tts_tabular_t3_a0.1,1,54,0,9.703113685734975
gdr+tts_tabular_t3_a0.1,1,54,1,85.24945770065077
gdr+tts_tabular_t3_a0.1,1,55,0,9.41346850108617
gdr+tts_tabular_t3_a0.1,1,55,1,85.03253796095444
gdr+tts_tabular_t3_a0.1,1,56,0,8.761766835626357
gdr+tts_tabular_t3_a0.1,1,56,1,85.03253796095444
gdr+tts_tabular_t3_a0.1,1,57,0,8.472121650977552
gdr+tts_tabular_t3_a0.1,1,57,1,85.17715112075199
gdr+tts_tabular_t3_a0.1,1,58,0,10.282404055032584
gdr+tts_tabular_t3_a0.1,1,58,1,85.46637744034707
gdr+tts_tabular_t3_a0.1,1,59,0,9.558291093410572
gdr+tts_tabular_t3_a0.1,1,59,1,85.3940708604483
gdr+tts_tabular_t3_a0.1,1,60,0,7.892831281679942
gdr+tts_tabular_t3_a0.1,1,60,1,85.75560375994216
gdr+tts_tabular_t3_a0.1,1,61,0,9.196234612599566
gdr+tts_tabular_t3_a0.1,1,61,1,85.46637744034707
gdr+tts_tabular_t3_a0.1,1,62,0,8.761766835626357
gdr+tts_tabular_t3_a0.1,1,62,1,85.53868402024584
gdr+tts_tabular_t3_a0.1,1,63,0,8.761766835626357
gdr+tts_tabular_t3_a0.1,1,63,1,85.97252349963847
gdr+tts_tabular_t3_a0.1,1,64,0,8.544532947139754
gdr+tts_tabular_t3_a0.1,1,64,1,86.04483007953723
gdr+tts_tabular_t3_a0.1,1,65,0,8.399710354815351
gdr+tts_tabular_t3_a0.1,1,65,1,85.75560375994216
gdr+tts_tabular_t3_a0.1,1,66,0,8.689355539464156
gdr+tts_tabular_t3_a0.1,1,66,1,85.82791033984093
gdr+tts_tabular_t3_a0.1,1,67,0,9.051412020275164
gdr+tts_tabular_t3_a0.1,1,67,1,85.97252349963847
gdr+tts_tabular_t3_a0.1,1,68,0,8.472121650977552
gdr+tts_tabular_t3_a0.1,1,68,1,86.04483007953723
gdr+tts_tabular_t3_a0.1,1,69,0,8.689355539464156
gdr+tts_tabular_t3_a0.1,1,69,1,86.26174981923354
gdr+tts_tabular_t3_a0.1,1,70,0,8.834178131788558
gdr+tts_tabular_t3_a0.1,1,70,1,85.97252349963847
gdr+tts_tabular_t3_a0.1,1,71,0,9.847936278059377
gdr+tts_tabular_t3_a0.1,1,71,1,85.90021691973969
gdr+tts_tabular_t3_a0.1,1,72,0,9.41346850108617
gdr+tts_tabular_t3_a0.1,1,72,1,85.97252349963847
gdr+tts_tabular_t3_a0.1,1,73,0,9.268645908761767
gdr+tts_tabular_t3_a0.1,1,73,1,86.11713665943601
gdr+tts_tabular_t3_a0.1,1,74,0,8.834178131788558
gdr+tts_tabular_t3_a0.1,1,74,1,86.04483007953723
gdr+tts_tabular_t3_a0.1,1,75,0,8.544532947139754
gdr+tts_tabular_t3_a0.1,1,75,1,86.11713665943601
gdr+tts_tabular_t3_a0.1,1,76,0,8.834178131788558
gdr+tts_tabular_t3_a0.1,1,76,1,86.11713665943601
gdr+tts_tabular_t3_a0.1,1,77,0,8.472121650977552
gdr+tts_tabular_t3_a0.1,1,77,1,86.18944323933478
gdr+tts_tabular_t3_a0.1,1,78,0,8.472121650977552
gdr+tts_tabular_t3_a0.1,1,78,1,86.11713665943601
gdr+tts_tabular_t3_a0.1,1,79,0,8.544532947139754
gdr+tts_tabular_t3_a0.1,1,79,1,86.11713665943601
gdr+tts_tabular_t3_a0.1,1,80,0,8.90658942795076
gdr+tts_tabular_t3_a0.1,1,80,1,86.04483007953723
gdr+tts_tabular_t3_a0.1,1,81,0,9.268645908761767
gdr+tts_tabular_t3_a0.1,1,81,1,85.90021691973969
gdr+tts_tabular_t3_a0.1,1,82,0,9.051412020275164
gdr+tts_tabular_t3_a0.1,1,82,1,86.04483007953723
gdr+tts_tabular_t3_a0.1,1,83,0,8.399710354815351
gdr+tts_tabular_t3_a0.1,1,83,1,85.97252349963847
gdr+tts_tabular_t3_a0.1,1,84,0,8.472121650977552
gdr+tts_tabular_t3_a0.1,1,84,1,86.04483007953723
gdr+tts_tabular_t3_a0.1,1,85,0,8.544532947139754
gdr+tts_tabular_t3_a0.1,1,85,1,85.97252349963847
gdr+tts_tabular_t3_a0.1,1,86,0,8.182476466328747
gdr+tts_tabular_t3_a0.1,1,86,1,85.97252349963847
gdr+tts_tabular_t3_a0.1,1,87,0,8.761766835626357
gdr+tts_tabular_t3_a0.1,1,87,1,85.97252349963847
gdr+tts_tabular_t3_a0.1,1,88,0,9.051412020275164
gdr+tts_tabular_t3_a0.1,1,88,1,85.97252349963847
gdr+tts_tabular_t3_a0.1,1,89,0,8.689355539464156
gdr+tts_tabular_t3_a0.1,1,89,1,85.97252349963847
gdr+tts_tabular_t3_a0.1,1,90,0,8.544532947139754
gdr+tts_tabular_t3_a0.1,1,90,1,86.04483007953723
gdr+tts_tabular_t3_a0.1,1,91,0,8.689355539464156
gdr+tts_tabular_t3_a0.1,1,91,1,86.11713665943601
gdr+tts_tabular_t3_a0.1,1,92,0,8.834178131788558
gdr+tts_tabular_t3_a0.1,1,92,1,86.33405639913232
gdr+tts_tabular_t3_a0.1,1,93,0,8.32729905865315
gdr+tts_tabular_t3_a0.1,1,93,1,86.18944323933478
gdr+tts_tabular_t3_a0.1,1,94,0,8.037653874004345
gdr+tts_tabular_t3_a0.1,1,94,1,86.18944323933478
gdr+tts_tabular_t3_a0.1,1,95,0,8.037653874004345
gdr+tts_tabular_t3_a0.1,1,95,1,85.97252349963847
gdr+tts_tabular_t3_a0.1,1,96,0,8.399710354815351
gdr+tts_tabular_t3_a0.1,1,96,1,85.97252349963847
gdr+tts_tabular_t3_a0.1,1,97,0,8.616944243301955
gdr+tts_tabular_t3_a0.1,1,97,1,86.18944323933478
gdr+tts_tabular_t3_a0.1,1,98,0,8.399710354815351
gdr+tts_tabular_t3_a0.1,1,98,1,86.04483007953723
gdr+tts_tabular_t3_a0.1,1,99,0,8.472121650977552
gdr+tts_tabular_t3_a0.1,1,99,1,85.90021691973969
gdr+tts_tabular_t3_a0.1,1,100,0,8.399710354815351
gdr+tts_tabular_t3_a0.1,1,100,1,86.11713665943601
gdr+tts_tabular_t3_a0.1,2,1,0,84.35916002896452
gdr+tts_tabular_t3_a0.1,2,1,1,39.11785972523499
gdr+tts_tabular_t3_a0.1,2,1,2,0.0
gdr+tts_tabular_t3_a0.1,2,2,0,73.06299782766112
gdr+tts_tabular_t3_a0.1,2,2,1,77.87418655097613
gdr+tts_tabular_t3_a0.1,2,2,2,0.0
gdr+tts_tabular_t3_a0.1,2,3,0,82.18682114409847
gdr+tts_tabular_t3_a0.1,2,3,1,71.8004338394794
gdr+tts_tabular_t3_a0.1,2,3,2,3.074433656957929
gdr+tts_tabular_t3_a0.1,2,4,0,80.59377262853005
gdr+tts_tabular_t3_a0.1,2,4,1,80.11569052783803
gdr+tts_tabular_t3_a0.1,2,4,2,20.792880258899675
gdr+tts_tabular_t3_a0.1,2,5,0,82.69370021723388
gdr+tts_tabular_t3_a0.1,2,5,1,78.81417208966016
gdr+tts_tabular_t3_a0.1,2,5,2,27.993527508090615
gdr+tts_tabular_t3_a0.1,2,6,0,81.60753077480086
gdr+tts_tabular_t3_a0.1,2,6,1,82.06796818510485
gdr+tts_tabular_t3_a0.1,2,6,2,33.41423948220065
gdr+tts_tabular_t3_a0.1,2,7,0,81.82476466328747
gdr+tts_tabular_t3_a0.1,2,7,1,81.2002892263196
gdr+tts_tabular_t3_a0.1,2,7,2,39.967637540453076
gdr+tts_tabular_t3_a0.1,2,8,0,82.25923244026067
gdr+tts_tabular_t3_a0.1,2,8,1,79.4649313087491
gdr+tts_tabular_t3_a0.1,2,8,2,44.49838187702265
gdr+tts_tabular_t3_a0.1,2,9,0,81.82476466328747
gdr+tts_tabular_t3_a0.1,2,9,1,81.12798264642082
gdr+tts_tabular_t3_a0.1,2,9,2,48.786407766990294
gdr+tts_tabular_t3_a0.1,2,10,0,79.43519188993483
gdr+tts_tabular_t3_a0.1,2,10,1,81.77874186550976
gdr+tts_tabular_t3_a0.1,2,10,2,52.58899676375405
gdr+tts_tabular_t3_a0.1,2,11,0,79.65242577842143
gdr+tts_tabular_t3_a0.1,2,11,1,80.26030368763557
gdr+tts_tabular_t3_a0.1,2,11,2,55.016181229773466
gdr+tts_tabular_t3_a0.1,2,12,0,76.32150615496018
gdr+tts_tabular_t3_a0.1,2,12,1,79.9710773680405
gdr+tts_tabular_t3_a0.1,2,12,2,55.74433656957929
gdr+tts_tabular_t3_a0.1,2,13,0,75.88703837798697
gdr+tts_tabular_t3_a0.1,2,13,1,80.04338394793926
gdr+tts_tabular_t3_a0.1,2,13,2,58.41423948220065
gdr+tts_tabular_t3_a0.1,2,14,0,78.85590152063722
gdr+tts_tabular_t3_a0.1,2,14,1,79.9710773680405
gdr+tts_tabular_t3_a0.1,2,14,2,59.70873786407767
gdr+tts_tabular_t3_a0.1,2,15,0,74.87328023171615
gdr+tts_tabular_t3_a0.1,2,15,1,79.9710773680405
gdr+tts_tabular_t3_a0.1,2,15,2,61.97411003236246
gdr+tts_tabular_t3_a0.1,2,16,0,75.95944967414917
gdr+tts_tabular_t3_a0.1,2,16,1,78.38033261026753
gdr+tts_tabular_t3_a0.1,2,16,2,63.349514563106794
gdr+tts_tabular_t3_a0.1,2,17,0,71.83200579290369
gdr+tts_tabular_t3_a0.1,2,17,1,78.9587852494577
gdr+tts_tabular_t3_a0.1,2,17,2,64.48220064724919
gdr+tts_tabular_t3_a0.1,2,18,0,74.07675597393194
gdr+tts_tabular_t3_a0.1,2,18,1,79.03109182935647
gdr+tts_tabular_t3_a0.1,2,18,2,66.58576051779936
gdr+tts_tabular_t3_a0.1,2,19,0,74.43881245474294
gdr+tts_tabular_t3_a0.1,2,19,1,79.89877078814172
gdr+tts_tabular_t3_a0.1,2,19,2,68.77022653721683
gdr+tts_tabular_t3_a0.1,2,20,0,73.28023171614772
gdr+tts_tabular_t3_a0.1,2,20,1,79.82646420824295
gdr+tts_tabular_t3_a0.1,2,20,2,69.66019417475728
gdr+tts_tabular_t3_a0.1,2,21,0,71.18030412744388
gdr+tts_tabular_t3_a0.1,2,21,1,78.88647866955893
gdr+tts_tabular_t3_a0.1,2,21,2,70.55016181229773
gdr+tts_tabular_t3_a0.1,2,22,0,71.83200579290369
gdr+tts_tabular_t3_a0.1,2,22,1,78.38033261026753
gdr+tts_tabular_t3_a0.1,2,22,2,70.71197411003236
gdr+tts_tabular_t3_a0.1,2,23,0,70.09413468501086
gdr+tts_tabular_t3_a0.1,2,23,1,77.65726681127983
gdr+tts_tabular_t3_a0.1,2,23,2,72.00647249190939
gdr+tts_tabular_t3_a0.1,2,24,0,68.64590876176683
gdr+tts_tabular_t3_a0.1,2,24,1,79.39262472885032
gdr+tts_tabular_t3_a0.1,2,24,2,74.11003236245955
gdr+tts_tabular_t3_a0.1,2,25,0,71.46994931209268
gdr+tts_tabular_t3_a0.1,2,25,1,77.87418655097613
gdr+tts_tabular_t3_a0.1,2,25,2,75.16181229773463
gdr+tts_tabular_t3_a0.1,2,26,0,69.58725561187545
gdr+tts_tabular_t3_a0.1,2,26,1,78.59725234996385
gdr+tts_tabular_t3_a0.1,2,26,2,74.75728155339806
gdr+tts_tabular_t3_a0.1,2,27,0,69.51484431571325
gdr+tts_tabular_t3_a0.1,2,27,1,77.65726681127983
gdr+tts_tabular_t3_a0.1,2,27,2,75.40453074433657
gdr+tts_tabular_t3_a0.1,2,28,0,68.21144098479363
gdr+tts_tabular_t3_a0.1,2,28,1,77.80187997107737
gdr+tts_tabular_t3_a0.1,2,28,2,75.32362459546925
gdr+tts_tabular_t3_a0.1,2,29,0,66.11151339608979
gdr+tts_tabular_t3_a0.1,2,29,1,77.29573391178597
gdr+tts_tabular_t3_a0.1,2,29,2,76.61812297734627
gdr+tts_tabular_t3_a0.1,2,30,0,67.27009413468501
gdr+tts_tabular_t3_a0.1,2,30,1,78.23571945046999
gdr+tts_tabular_t3_a0.1,2,30,2,77.42718446601941
gdr+tts_tabular_t3_a0.1,2,31,0,66.7632150615496
gdr+tts_tabular_t3_a0.1,2,31,1,78.52494577006507
gdr+tts_tabular_t3_a0.1,2,31,2,77.42718446601941
gdr+tts_tabular_t3_a0.1,2,32,0,65.82186821144099
gdr+tts_tabular_t3_a0.1,2,32,1,77.80187997107737
gdr+tts_tabular_t3_a0.1,2,32,2,78.88349514563107
gdr+tts_tabular_t3_a0.1,2,33,0,65.02534395365677
gdr+tts_tabular_t3_a0.1,2,33,1,78.01879971077368
gdr+tts_tabular_t3_a0.1,2,33,2,79.12621359223301
gdr+tts_tabular_t3_a0.1,2,34,0,64.08399710354816
gdr+tts_tabular_t3_a0.1,2,34,1,76.64497469269703
gdr+tts_tabular_t3_a0.1,2,34,2,79.20711974110033
gdr+tts_tabular_t3_a0.1,2,35,0,63.43229543808834
gdr+tts_tabular_t3_a0.1,2,35,1,75.9942154736081
gdr+tts_tabular_t3_a0.1,2,35,2,80.1779935275081
gdr+tts_tabular_t3_a0.1,2,36,0,62.12889210716872
gdr+tts_tabular_t3_a0.1,2,36,1,74.90961677512654
gdr+tts_tabular_t3_a0.1,2,36,2,80.1779935275081
gdr+tts_tabular_t3_a0.1,2,37,0,61.477190441708906
gdr+tts_tabular_t3_a0.1,2,37,1,75.12653651482285
gdr+tts_tabular_t3_a0.1,2,37,2,80.66343042071198
gdr+tts_tabular_t3_a0.1,2,38,0,63.939174511223754
gdr+tts_tabular_t3_a0.1,2,38,1,77.58496023138106
gdr+tts_tabular_t3_a0.1,2,38,2,79.77346278317152
gdr+tts_tabular_t3_a0.1,2,39,0,64.22881969587256
gdr+tts_tabular_t3_a0.1,2,39,1,75.63268257411424
gdr+tts_tabular_t3_a0.1,2,39,2,81.14886731391586
gdr+tts_tabular_t3_a0.1,2,40,0,63.57711803041274
gdr+tts_tabular_t3_a0.1,2,40,1,75.63268257411424
gdr+tts_tabular_t3_a0.1,2,40,2,80.50161812297735
gdr+tts_tabular_t3_a0.1,2,41,0,62.20130340333092
gdr+tts_tabular_t3_a0.1,2,41,1,74.90961677512654
gdr+tts_tabular_t3_a0.1,2,41,2,81.87702265372168
gdr+tts_tabular_t3_a0.1,2,42,0,61.404779145546705
gdr+tts_tabular_t3_a0.1,2,42,1,74.90961677512654
gdr+tts_tabular_t3_a0.1,2,42,2,81.47249190938511
gdr+tts_tabular_t3_a0.1,2,43,0,60.173787110789284
gdr+tts_tabular_t3_a0.1,2,43,1,74.04193781634129
gdr+tts_tabular_t3_a0.1,2,43,2,81.71521035598705
gdr+tts_tabular_t3_a0.1,2,44,0,60.53584359160029
gdr+tts_tabular_t3_a0.1,2,44,1,73.68040491684744
gdr+tts_tabular_t3_a0.1,2,44,2,81.957928802589
gdr+tts_tabular_t3_a0.1,2,45,0,61.984069514844315
gdr+tts_tabular_t3_a0.1,2,45,1,72.74041937816341
gdr+tts_tabular_t3_a0.1,2,45,2,82.76699029126213
gdr+tts_tabular_t3_a0.1,2,46,0,58.942795076031864
gdr+tts_tabular_t3_a0.1,2,46,1,70.71583514099783
gdr+tts_tabular_t3_a0.1,2,46,2,83.25242718446601
gdr+tts_tabular_t3_a0.1,2,47,0,60.53584359160029
gdr+tts_tabular_t3_a0.1,2,47,1,72.30657989877079
gdr+tts_tabular_t3_a0.1,2,47,2,83.25242718446601
gdr+tts_tabular_t3_a0.1,2,48,0,59.23244026068067
gdr+tts_tabular_t3_a0.1,2,48,1,70.42660882140275
gdr+tts_tabular_t3_a0.1,2,48,2,83.57605177993527
gdr+tts_tabular_t3_a0.1,2,49,0,59.23244026068067
gdr+tts_tabular_t3_a0.1,2,49,1,70.5712219812003
gdr+tts_tabular_t3_a0.1,2,49,2,83.41423948220064
gdr+tts_tabular_t3_a0.1,2,50,0,59.44967414916727
gdr+tts_tabular_t3_a0.1,2,50,1,69.19739696312364
gdr+tts_tabular_t3_a0.1,2,50,2,83.89967637540452
gdr+tts_tabular_t3_a0.1,2,51,0,58.72556118754526
gdr+tts_tabular_t3_a0.1,2,51,1,70.93275488069415
gdr+tts_tabular_t3_a0.1,2,51,2,83.98058252427184
gdr+tts_tabular_t3_a0.1,2,52,0,60.246198406951486
gdr+tts_tabular_t3_a0.1,2,52,1,73.0296456977585
gdr+tts_tabular_t3_a0.1,2,52,2,83.89967637540452
gdr+tts_tabular_t3_a0.1,2,53,0,59.666908037653876
gdr+tts_tabular_t3_a0.1,2,53,1,69.92046276211136
gdr+tts_tabular_t3_a0.1,2,53,2,84.46601941747574
gdr+tts_tabular_t3_a0.1,2,54,0,58.291093410572046
gdr+tts_tabular_t3_a0.1,2,54,1,68.98047722342733
gdr+tts_tabular_t3_a0.1,2,54,2,84.78964401294499
gdr+tts_tabular_t3_a0.1,2,55,0,57.711803041274436
gdr+tts_tabular_t3_a0.1,2,55,1,68.47433116413593
gdr+tts_tabular_t3_a0.1,2,55,2,84.70873786407768
gdr+tts_tabular_t3_a0.1,2,56,0,58.14627081824764
gdr+tts_tabular_t3_a0.1,2,56,1,68.83586406362978
gdr+tts_tabular_t3_a0.1,2,56,2,84.8705501618123
gdr+tts_tabular_t3_a0.1,2,57,0,58.79797248370746
gdr+tts_tabular_t3_a0.1,2,57,1,68.47433116413593
gdr+tts_tabular_t3_a0.1,2,57,2,84.95145631067962
gdr+tts_tabular_t3_a0.1,2,58,0,58.50832729905866
gdr+tts_tabular_t3_a0.1,2,58,1,68.40202458423717
gdr+tts_tabular_t3_a0.1,2,58,2,84.95145631067962
gdr+tts_tabular_t3_a0.1,2,59,0,57.42215785662563
gdr+tts_tabular_t3_a0.1,2,59,1,68.04049168474332
gdr+tts_tabular_t3_a0.1,2,59,2,85.27508090614887
gdr+tts_tabular_t3_a0.1,2,60,0,57.566980448950034
gdr+tts_tabular_t3_a0.1,2,60,1,68.04049168474332
gdr+tts_tabular_t3_a0.1,2,60,2,85.76051779935275
gdr+tts_tabular_t3_a0.1,2,61,0,58.218682114409845
gdr+tts_tabular_t3_a0.1,2,61,1,68.83586406362978
gdr+tts_tabular_t3_a0.1,2,61,2,85.27508090614887
gdr+tts_tabular_t3_a0.1,2,62,0,58.00144822592324
gdr+tts_tabular_t3_a0.1,2,62,1,68.04049168474332
gdr+tts_tabular_t3_a0.1,2,62,2,85.67961165048544
gdr+tts_tabular_t3_a0.1,2,63,0,58.58073859522086
gdr+tts_tabular_t3_a0.1,2,63,1,68.69125090383226
gdr+tts_tabular_t3_a0.1,2,63,2,85.59870550161813
gdr+tts_tabular_t3_a0.1,2,64,0,57.711803041274436
gdr+tts_tabular_t3_a0.1,2,64,1,67.24511930585683
gdr+tts_tabular_t3_a0.1,2,64,2,85.59870550161813
gdr+tts_tabular_t3_a0.1,2,65,0,56.69804489500362
gdr+tts_tabular_t3_a0.1,2,65,1,66.44974692697035
gdr+tts_tabular_t3_a0.1,2,65,2,85.67961165048544
gdr+tts_tabular_t3_a0.1,2,66,0,56.480811006517015
gdr+tts_tabular_t3_a0.1,2,66,1,67.38973246565438
gdr+tts_tabular_t3_a0.1,2,66,2,85.76051779935275
gdr+tts_tabular_t3_a0.1,2,67,0,57.42215785662563
gdr+tts_tabular_t3_a0.1,2,67,1,67.67895878524946
gdr+tts_tabular_t3_a0.1,2,67,2,86.0032362459547
gdr+tts_tabular_t3_a0.1,2,68,0,57.42215785662563
gdr+tts_tabular_t3_a0.1,2,68,1,67.823571945047
gdr+tts_tabular_t3_a0.1,2,68,2,86.0032362459547
gdr+tts_tabular_t3_a0.1,2,69,0,57.78421433743664
gdr+tts_tabular_t3_a0.1,2,69,1,66.59436008676789
gdr+tts_tabular_t3_a0.1,2,69,2,86.08414239482201
gdr+tts_tabular_t3_a0.1,2,70,0,56.26357711803041
gdr+tts_tabular_t3_a0.1,2,70,1,66.73897324656544
gdr+tts_tabular_t3_a0.1,2,70,2,85.92233009708738
gdr+tts_tabular_t3_a0.1,2,71,0,56.55322230267922
gdr+tts_tabular_t3_a0.1,2,71,1,66.44974692697035
gdr+tts_tabular_t3_a0.1,2,71,2,86.16504854368932
gdr+tts_tabular_t3_a0.1,2,72,0,56.408399710354814
gdr+tts_tabular_t3_a0.1,2,72,1,66.37744034707158
gdr+tts_tabular_t3_a0.1,2,72,2,85.84142394822007
gdr+tts_tabular_t3_a0.1,2,73,0,57.42215785662563
gdr+tts_tabular_t3_a0.1,2,73,1,65.94360086767895
gdr+tts_tabular_t3_a0.1,2,73,2,86.0032362459547
gdr+tts_tabular_t3_a0.1,2,74,0,56.77045619116582
gdr+tts_tabular_t3_a0.1,2,74,1,66.66666666666667
gdr+tts_tabular_t3_a0.1,2,74,2,86.16504854368932
gdr+tts_tabular_t3_a0.1,2,75,0,56.91527878349022
gdr+tts_tabular_t3_a0.1,2,75,1,66.52205350686913
gdr+tts_tabular_t3_a0.1,2,75,2,86.16504854368932
gdr+tts_tabular_t3_a0.1,2,76,0,56.33598841419261
gdr+tts_tabular_t3_a0.1,2,76,1,66.44974692697035
gdr+tts_tabular_t3_a0.1,2,76,2,86.16504854368932
gdr+tts_tabular_t3_a0.1,2,77,0,55.6842867487328
gdr+tts_tabular_t3_a0.1,2,77,1,65.94360086767895
gdr+tts_tabular_t3_a0.1,2,77,2,86.0032362459547
gdr+tts_tabular_t3_a0.1,2,78,0,55.394641564084
gdr+tts_tabular_t3_a0.1,2,78,1,65.65437454808388
gdr+tts_tabular_t3_a0.1,2,78,2,85.92233009708738
gdr+tts_tabular_t3_a0.1,2,79,0,56.19116582186821
gdr+tts_tabular_t3_a0.1,2,79,1,65.29284164859003
gdr+tts_tabular_t3_a0.1,2,79,2,85.92233009708738
gdr+tts_tabular_t3_a0.1,2,80,0,56.91527878349022
gdr+tts_tabular_t3_a0.1,2,80,1,65.29284164859003
gdr+tts_tabular_t3_a0.1,2,80,2,85.92233009708738
gdr+tts_tabular_t3_a0.1,2,81,0,56.55322230267922
gdr+tts_tabular_t3_a0.1,2,81,1,65.29284164859003
gdr+tts_tabular_t3_a0.1,2,81,2,86.0032362459547
gdr+tts_tabular_t3_a0.1,2,82,0,55.901520637219406
gdr+tts_tabular_t3_a0.1,2,82,1,65.79898770788142
gdr+tts_tabular_t3_a0.1,2,82,2,86.0032362459547
gdr+tts_tabular_t3_a0.1,2,83,0,56.91527878349022
gdr+tts_tabular_t3_a0.1,2,83,1,65.65437454808388
gdr+tts_tabular_t3_a0.1,2,83,2,86.08414239482201
gdr+tts_tabular_t3_a0.1,2,84,0,56.26357711803041
gdr+tts_tabular_t3_a0.1,2,84,1,65.43745480838756
gdr+tts_tabular_t3_a0.1,2,84,2,85.92233009708738
gdr+tts_tabular_t3_a0.1,2,85,0,56.987690079652424
gdr+tts_tabular_t3_a0.1,2,85,1,66.52205350686913
gdr+tts_tabular_t3_a0.1,2,85,2,86.16504854368932
gdr+tts_tabular_t3_a0.1,2,86,0,56.55322230267922
gdr+tts_tabular_t3_a0.1,2,86,1,66.0882140274765
gdr+tts_tabular_t3_a0.1,2,86,2,86.08414239482201
gdr+tts_tabular_t3_a0.1,2,87,0,56.11875452570601
gdr+tts_tabular_t3_a0.1,2,87,1,65.87129428778019
gdr+tts_tabular_t3_a0.1,2,87,2,85.92233009708738
gdr+tts_tabular_t3_a0.1,2,88,0,56.11875452570601
gdr+tts_tabular_t3_a0.1,2,88,1,65.22053506869125
gdr+tts_tabular_t3_a0.1,2,88,2,86.24595469255664
gdr+tts_tabular_t3_a0.1,2,89,0,56.480811006517015
gdr+tts_tabular_t3_a0.1,2,89,1,65.29284164859003
gdr+tts_tabular_t3_a0.1,2,89,2,86.32686084142395
gdr+tts_tabular_t3_a0.1,2,90,0,56.26357711803041
gdr+tts_tabular_t3_a0.1,2,90,1,65.36514822848879
gdr+tts_tabular_t3_a0.1,2,90,2,86.48867313915858
gdr+tts_tabular_t3_a0.1,2,91,0,55.901520637219406
gdr+tts_tabular_t3_a0.1,2,91,1,65.29284164859003
gdr+tts_tabular_t3_a0.1,2,91,2,86.24595469255664
gdr+tts_tabular_t3_a0.1,2,92,0,56.33598841419261
gdr+tts_tabular_t3_a0.1,2,92,1,65.14822848879248
gdr+tts_tabular_t3_a0.1,2,92,2,86.48867313915858
gdr+tts_tabular_t3_a0.1,2,93,0,56.04634322954381
gdr+tts_tabular_t3_a0.1,2,93,1,64.78669558929863
gdr+tts_tabular_t3_a0.1,2,93,2,86.56957928802589
gdr+tts_tabular_t3_a0.1,2,94,0,55.6118754525706
gdr+tts_tabular_t3_a0.1,2,94,1,64.42516268980478
gdr+tts_tabular_t3_a0.1,2,94,2,86.24595469255664
gdr+tts_tabular_t3_a0.1,2,95,0,55.829109341057205
gdr+tts_tabular_t3_a0.1,2,95,1,64.20824295010846
gdr+tts_tabular_t3_a0.1,2,95,2,86.32686084142395
gdr+tts_tabular_t3_a0.1,2,96,0,55.829109341057205
gdr+tts_tabular_t3_a0.1,2,96,1,64.13593637020969
gdr+tts_tabular_t3_a0.1,2,96,2,86.32686084142395
gdr+tts_tabular_t3_a0.1,2,97,0,55.829109341057205
gdr+tts_tabular_t3_a0.1,2,97,1,64.13593637020969
gdr+tts_tabular_t3_a0.1,2,97,2,86.32686084142395
gdr+tts_tabular_t3_a0.1,2,98,0,55.97393193338161
gdr+tts_tabular_t3_a0.1,2,98,1,64.56977584960231
gdr+tts_tabular_t3_a0.1,2,98,2,86.48867313915858
gdr+tts_tabular_t3_a0.1,2,99,0,55.6842867487328
gdr+tts_tabular_t3_a0.1,2,99,1,65.14822848879248
gdr+tts_tabular_t3_a0.1,2,99,2,86.24595469255664
gdr+tts_tabular_t3_a0.1,2,100,0,55.829109341057205
gdr+tts_tabular_t3_a0.1,2,100,1,65.14822848879248
gdr+tts_tabular_t3_a0.1,2,100,2,86.56957928802589
